physpreset,bottle_plastic
physpreset,gib
physpreset,helmet
physpreset,weapon_clip_empty
xanim,ai_zombie_attack_crawl
xanim,ai_zombie_attack_crawl_lunge
xanim,ai_zombie_attack_forward_v1
xanim,ai_zombie_attack_forward_v2
xanim,ai_zombie_attack_v1
xanim,ai_zombie_attack_v2
xanim,ai_zombie_attack_v3
xanim,ai_zombie_attack_v4
xanim,ai_zombie_attack_v6
xanim,ai_zombie_boardtear_crawl_l_1
xanim,ai_zombie_boardtear_crawl_l_2
xanim,ai_zombie_boardtear_crawl_l_3
xanim,ai_zombie_boardtear_crawl_l_4
xanim,ai_zombie_boardtear_crawl_l_5
xanim,ai_zombie_boardtear_crawl_l_6
xanim,ai_zombie_boardtear_crawl_m_1
xanim,ai_zombie_boardtear_crawl_m_2
xanim,ai_zombie_boardtear_crawl_m_3
xanim,ai_zombie_boardtear_crawl_m_4
xanim,ai_zombie_boardtear_crawl_m_5
xanim,ai_zombie_boardtear_crawl_m_6
xanim,ai_zombie_boardtear_crawl_r_1
xanim,ai_zombie_boardtear_crawl_r_2
xanim,ai_zombie_boardtear_crawl_r_3
xanim,ai_zombie_boardtear_crawl_r_4
xanim,ai_zombie_boardtear_crawl_r_5
xanim,ai_zombie_boardtear_crawl_r_6
xanim,ai_zombie_boardtear_l_1
xanim,ai_zombie_boardtear_l_2
xanim,ai_zombie_boardtear_l_3
xanim,ai_zombie_boardtear_l_4
xanim,ai_zombie_boardtear_l_5
xanim,ai_zombie_boardtear_l_6
xanim,ai_zombie_boardtear_m_1
xanim,ai_zombie_boardtear_m_2
xanim,ai_zombie_boardtear_m_3
xanim,ai_zombie_boardtear_m_4
xanim,ai_zombie_boardtear_m_5
xanim,ai_zombie_boardtear_m_6
xanim,ai_zombie_boardtear_r_1
xanim,ai_zombie_boardtear_r_2
xanim,ai_zombie_boardtear_r_3
xanim,ai_zombie_boardtear_r_4
xanim,ai_zombie_boardtear_r_5
xanim,ai_zombie_boardtear_r_6
xanim,ai_zombie_climb_chain
xanim,ai_zombie_climb_chain_fast
xanim,ai_zombie_crawl
xanim,ai_zombie_crawl_death_v1
xanim,ai_zombie_crawl_death_v2
xanim,ai_zombie_crawl_jump_down_127
xanim,ai_zombie_crawl_jump_down_184
xanim,ai_zombie_crawl_jump_down_189
xanim,ai_zombie_crawl_jump_down_72
xanim,ai_zombie_crawl_jump_down_97
xanim,ai_zombie_crawl_jump_up_2_climb
xanim,ai_zombie_crawl_sprint
xanim,ai_zombie_crawl_sprint_1
xanim,ai_zombie_crawl_sprint_2
xanim,ai_zombie_crawl_v1
xanim,ai_zombie_crawl_v2
xanim,ai_zombie_crawl_v3
xanim,ai_zombie_crawl_v4
xanim,ai_zombie_crawl_v5
xanim,ai_zombie_death_v1
xanim,ai_zombie_death_v2
xanim,ai_zombie_door_pound_v1
xanim,ai_zombie_door_pound_v2
xanim,ai_zombie_door_tear_high
xanim,ai_zombie_door_tear_left
xanim,ai_zombie_door_tear_low
xanim,ai_zombie_door_tear_right
xanim,ai_zombie_door_tear_v1
xanim,ai_zombie_door_tear_v2
xanim,ai_zombie_idle_base
xanim,ai_zombie_idle_crawl
xanim,ai_zombie_idle_crawl_base
xanim,ai_zombie_idle_crawl_delta
xanim,ai_zombie_idle_v1
xanim,ai_zombie_idle_v1_delta
xanim,ai_zombie_jump_down_120
xanim,ai_zombie_jump_down_127
xanim,ai_zombie_jump_down_184
xanim,ai_zombie_jump_down_190
xanim,ai_zombie_jump_down_40
xanim,ai_zombie_jump_down_72
xanim,ai_zombie_jump_down_96
xanim,ai_zombie_jump_up
xanim,ai_zombie_jump_up_2_climb
xanim,ai_zombie_ladder_climb_loop
xanim,ai_zombie_ladder_climb_off
xanim,ai_zombie_ladder_climb_on
xanim,ai_zombie_lighthouse_crawl_down
xanim,ai_zombie_run_attack_v1
xanim,ai_zombie_run_attack_v2
xanim,ai_zombie_run_attack_v3
xanim,ai_zombie_run_attack_v4
xanim,ai_zombie_run_v1
xanim,ai_zombie_run_v2
xanim,ai_zombie_run_v3
xanim,ai_zombie_run_v4
xanim,ai_zombie_shot_arm_left
xanim,ai_zombie_shot_arm_right
xanim,ai_zombie_shot_leg_left_2_crawl
xanim,ai_zombie_shot_leg_right_2_crawl
xanim,ai_zombie_sprint_v1
xanim,ai_zombie_sprint_v2
xanim,ai_zombie_sprint_v4
xanim,ai_zombie_sprint_v5
xanim,ai_zombie_taunts_4
xanim,ai_zombie_taunts_5b
xanim,ai_zombie_taunts_5c
xanim,ai_zombie_taunts_5d
xanim,ai_zombie_taunts_5e
xanim,ai_zombie_taunts_5f
xanim,ai_zombie_taunts_7
xanim,ai_zombie_taunts_9
xanim,ai_zombie_tesla_crawl_death_a
xanim,ai_zombie_tesla_crawl_death_b
xanim,ai_zombie_tesla_death_a
xanim,ai_zombie_tesla_death_b
xanim,ai_zombie_tesla_death_c
xanim,ai_zombie_tesla_death_d
xanim,ai_zombie_tesla_death_e
xanim,ai_zombie_traverse_crawl_v1
xanim,ai_zombie_traverse_ground_climbout_fast
xanim,ai_zombie_traverse_ground_v1_crawl
xanim,ai_zombie_traverse_ground_v1_crawlfast
xanim,ai_zombie_traverse_ground_v1_deathinside
xanim,ai_zombie_traverse_ground_v1_deathinside_alt
xanim,ai_zombie_traverse_ground_v1_deathoutside
xanim,ai_zombie_traverse_ground_v1_deathoutside_alt
xanim,ai_zombie_traverse_ground_v1_run
xanim,ai_zombie_traverse_ground_v1_walk
xanim,ai_zombie_traverse_ground_v2_death_high
xanim,ai_zombie_traverse_ground_v2_death_high_alt
xanim,ai_zombie_traverse_ground_v2_death_low
xanim,ai_zombie_traverse_ground_v2_death_low_alt
xanim,ai_zombie_traverse_ground_v2_walk
xanim,ai_zombie_traverse_ground_v2_walk_alta
xanim,ai_zombie_traverse_ground_v2_walk_altb
xanim,ai_zombie_traverse_v1
xanim,ai_zombie_traverse_v2
xanim,ai_zombie_traverse_v4
xanim,ai_zombie_traverse_v5
xanim,ai_zombie_traverse_v6
xanim,ai_zombie_traverse_v7
xanim,ai_zombie_walk_attack_v1
xanim,ai_zombie_walk_attack_v2
xanim,ai_zombie_walk_attack_v3
xanim,ai_zombie_walk_attack_v4
xanim,ai_zombie_walk_fast_v1
xanim,ai_zombie_walk_fast_v2
xanim,ai_zombie_walk_fast_v3
xanim,ai_zombie_walk_on_hands_a
xanim,ai_zombie_walk_on_hands_b
xanim,ai_zombie_walk_on_hands_shot_a
xanim,ai_zombie_walk_on_hands_shot_b
xanim,ai_zombie_walk_v1
xanim,ai_zombie_walk_v2
xanim,ai_zombie_walk_v3
xanim,ai_zombie_walk_v4
xanim,ai_zombie_walk_v6
xanim,ai_zombie_walk_v7
xanim,ai_zombie_walk_v8
xanim,ai_zombie_walk_v9
xanim,ai_zombie_window_attack_arm_l_out
xanim,ai_zombie_window_attack_arm_r_out
xanim,o_zombie_difference_engine_ani
xanim,o_zombie_lattice_gate_full
xanim,o_zombie_lattice_gate_half
xanim,viewmodel_ak47_ads_down
xanim,viewmodel_ak47_ads_up
xanim,viewmodel_ak47_fire
xanim,viewmodel_ak47_fire_ads
xanim,viewmodel_ak47_first_time_pullout
xanim,viewmodel_ak47_idle
xanim,viewmodel_ak47_pullout
xanim,viewmodel_ak47_pullout_quick
xanim,viewmodel_ak47_putaway
xanim,viewmodel_ak47_putaway_quick
xanim,viewmodel_ak47_reload
xanim,viewmodel_ak47_reload_empty
xanim,viewmodel_ak74u_ads_down
xanim,viewmodel_ak74u_ads_up
xanim,viewmodel_ak74u_fire
xanim,viewmodel_ak74u_fire_ads
xanim,viewmodel_ak74u_idle
xanim,viewmodel_ak74u_pullout
xanim,viewmodel_ak74u_pullout_first
xanim,viewmodel_ak74u_pullout_quick
xanim,viewmodel_ak74u_putaway
xanim,viewmodel_ak74u_putaway_quick
xanim,viewmodel_ak74u_reload
xanim,viewmodel_ak74u_reload_empty
xanim,viewmodel_bayonet_swipe
xanim,viewmodel_bayonet_thrust
xanim,viewmodel_carbine_ads_down
xanim,viewmodel_carbine_ads_fire
xanim,viewmodel_carbine_ads_up
xanim,viewmodel_carbine_aperture_ads_down
xanim,viewmodel_carbine_aperture_ads_up
xanim,viewmodel_carbine_bigammo_reload
xanim,viewmodel_carbine_bigammo_reload_empty
xanim,viewmodel_carbine_empty_idle
xanim,viewmodel_carbine_fire
xanim,viewmodel_carbine_first_raise
xanim,viewmodel_carbine_idle
xanim,viewmodel_carbine_lastshot
xanim,viewmodel_carbine_pullout
xanim,viewmodel_carbine_pullout_empty
xanim,viewmodel_carbine_putaway
xanim,viewmodel_carbine_putaway_empty
xanim,viewmodel_carbine_reload
xanim,viewmodel_carbine_reload_empty
xanim,viewmodel_desert_eagle_ads_down
xanim,viewmodel_desert_eagle_ads_fire
xanim,viewmodel_desert_eagle_ads_up
xanim,viewmodel_desert_eagle_fire
xanim,viewmodel_desert_eagle_idle
xanim,viewmodel_desert_eagle_pullout
xanim,viewmodel_desert_eagle_putaway
xanim,viewmodel_desert_eagle_reload
xanim,viewmodel_desert_eagle_reload_empty
xanim,viewmodel_dragunov_ads_down
xanim,viewmodel_dragunov_ads_up
xanim,viewmodel_dragunov_fire
xanim,viewmodel_dragunov_idle
xanim,viewmodel_dragunov_pullout
xanim,viewmodel_dragunov_putaway
xanim,viewmodel_dragunov_quick_pullout
xanim,viewmodel_dragunov_quick_putaway
xanim,viewmodel_dragunov_reload
xanim,viewmodel_dragunov_reload_empty
xanim,viewmodel_g43_aperture_ads_down
xanim,viewmodel_g43_aperture_ads_up
xanim,viewmodel_g43_noscope_ads_fire
xanim,viewmodel_g43_noscope_empty_idle
xanim,viewmodel_g43_noscope_empty_pullout
xanim,viewmodel_g43_noscope_empty_putaway
xanim,viewmodel_g43_noscope_fire
xanim,viewmodel_g43_noscope_first_raise
xanim,viewmodel_g43_noscope_idle
xanim,viewmodel_g43_noscope_last_shot
xanim,viewmodel_g43_noscope_partial_reload
xanim,viewmodel_g43_noscope_pullout
xanim,viewmodel_g43_noscope_pullout_fast
xanim,viewmodel_g43_noscope_putaway
xanim,viewmodel_g43_noscope_putaway_fast
xanim,viewmodel_g43_noscope_reload
xanim,viewmodel_g43_telescopic_ads_down
xanim,viewmodel_g43_telescopic_ads_fire
xanim,viewmodel_g43_telescopic_ads_up
xanim,viewmodel_germangrenade_idle
xanim,viewmodel_germangrenade_pullpin
xanim,viewmodel_germangrenade_throw
xanim,viewmodel_germangrenade_tossback_stick
xanim,viewmodel_kar98_ads_down
xanim,viewmodel_kar98_ads_up
xanim,viewmodel_kar98_bayonet_first_raise
xanim,viewmodel_kar98_bayonet_swipe
xanim,viewmodel_kar98_bayonet_thrust
xanim,viewmodel_kar98_fire
xanim,viewmodel_kar98_fire_ads
xanim,viewmodel_kar98_idle
xanim,viewmodel_kar98_lastshot
xanim,viewmodel_kar98_pullout
xanim,viewmodel_kar98_pullout_fast
xanim,viewmodel_kar98_putaway
xanim,viewmodel_kar98_putaway_fast
xanim,viewmodel_kar98_rechamber
xanim,viewmodel_kar98_reload
xanim,viewmodel_knife_slash
xanim,viewmodel_knife_stick
xanim,viewmodel_m16_ads_down
xanim,viewmodel_m16_ads_up
xanim,viewmodel_m1garand_ads_down
xanim,viewmodel_m1garand_ads_fire
xanim,viewmodel_m1garand_ads_lastfire
xanim,viewmodel_m1garand_ads_up
xanim,viewmodel_m1garand_bayonet_first_pull_out
xanim,viewmodel_m1garand_empty_idle
xanim,viewmodel_m1garand_fire
xanim,viewmodel_m1garand_first_pullout
xanim,viewmodel_m1garand_idle
xanim,viewmodel_m1garand_lastfire
xanim,viewmodel_m1garand_partial_reload
xanim,viewmodel_m1garand_pullout
xanim,viewmodel_m1garand_pullout_empty
xanim,viewmodel_m1garand_pullout_fast
xanim,viewmodel_m1garand_putaway
xanim,viewmodel_m1garand_putaway_empty
xanim,viewmodel_m1garand_putaway_fast
xanim,viewmodel_m1garand_reload
xanim,viewmodel_m1garand_scoped_ads_down
xanim,viewmodel_m1garand_scoped_ads_up
xanim,viewmodel_m249_ads_down
xanim,viewmodel_m249_ads_up
xanim,viewmodel_m249_fire
xanim,viewmodel_m249_fire_ads
xanim,viewmodel_m249_idle
xanim,viewmodel_m249_pullout
xanim,viewmodel_m249_pullout_empty
xanim,viewmodel_m249_putaway
xanim,viewmodel_m249_reload
xanim,viewmodel_m4_acog_ads_down_sp
xanim,viewmodel_m4_acog_ads_up_sp
xanim,viewmodel_m4_ads_down
xanim,viewmodel_m4_ads_up
xanim,viewmodel_m4_fire
xanim,viewmodel_m4_fire_ads
xanim,viewmodel_m4_first_time_pullout
xanim,viewmodel_m4_idle
xanim,viewmodel_m4_pullout
xanim,viewmodel_m4_putaway
xanim,viewmodel_m4_reload
xanim,viewmodel_m4_reload_empty
xanim,viewmodel_m4m203_bullet_2_grenade
xanim,viewmodel_m4m203_fire
xanim,viewmodel_m4m203_first_time_pullout
xanim,viewmodel_m4m203_grenade_2_bullet
xanim,viewmodel_m4m203_grenade_ads_down
xanim,viewmodel_m4m203_grenade_ads_up
xanim,viewmodel_m4m203_grenade_fire
xanim,viewmodel_m4m203_grenade_idle
xanim,viewmodel_m4m203_grenade_pullout
xanim,viewmodel_m4m203_grenade_putaway
xanim,viewmodel_m4m203_grenade_quick_pullout
xanim,viewmodel_m4m203_grenade_quick_putaway
xanim,viewmodel_m4m203_grenade_reload
xanim,viewmodel_m4m203_idle
xanim,viewmodel_m4m203_pullout
xanim,viewmodel_m4m203_putaway
xanim,viewmodel_m4m203_quick_pullout
xanim,viewmodel_m4m203_quick_putaway
xanim,viewmodel_m4m203_reload
xanim,viewmodel_m4m203_reload_empty
xanim,viewmodel_m4silencer_quick_pullout
xanim,viewmodel_m4silencer_quick_putaway
xanim,viewmodel_mg42_deploy
xanim,viewmodel_mp40_ads_down_pc
xanim,viewmodel_mp40_ads_up_pc
xanim,viewmodel_mp40_aperture_ads_down
xanim,viewmodel_mp40_aperture_ads_fire
xanim,viewmodel_mp40_aperture_ads_up
xanim,viewmodel_mp40_double_clip_reload
xanim,viewmodel_mp40_double_clip_reload_empty
xanim,viewmodel_mp40_fire
xanim,viewmodel_mp40_idle
xanim,viewmodel_mp40_idle_empty
xanim,viewmodel_mp40_lastshot
xanim,viewmodel_mp40_pullout
xanim,viewmodel_mp40_pullout_empty
xanim,viewmodel_mp40_pullout_fast
xanim,viewmodel_mp40_putaway
xanim,viewmodel_mp40_putaway_empty
xanim,viewmodel_mp40_putaway_fast
xanim,viewmodel_mp40_reload
xanim,viewmodel_mp40_reload_empty
xanim,viewmodel_mp44_aperture_ads_down
xanim,viewmodel_mp44_aperture_ads_up
xanim,viewmodel_mp44_empty_idle
xanim,viewmodel_mp44_empty_pullout
xanim,viewmodel_mp44_empty_putaway
xanim,viewmodel_mp44_fire
xanim,viewmodel_mp44_fire_ads
xanim,viewmodel_mp44_first_raise
xanim,viewmodel_mp44_idle
xanim,viewmodel_mp44_last_shot
xanim,viewmodel_mp44_pullout
xanim,viewmodel_mp44_pullout_fast
xanim,viewmodel_mp44_putaway
xanim,viewmodel_mp44_putaway_fast
xanim,viewmodel_mp44_reload
xanim,viewmodel_mp44_reload_empty
xanim,viewmodel_mp44_telescopic_ads_down
xanim,viewmodel_mp44_telescopic_ads_up
xanim,viewmodel_mp5_ads_down
xanim,viewmodel_mp5_ads_fire
xanim,viewmodel_mp5_ads_up
xanim,viewmodel_mp5_fire
xanim,viewmodel_mp5_idle
xanim,viewmodel_mp5_pullout
xanim,viewmodel_mp5_pullout_quick
xanim,viewmodel_mp5_putaway
xanim,viewmodel_mp5_putaway_quick
xanim,viewmodel_mp5_reload
xanim,viewmodel_mp5_reload_empty
xanim,viewmodel_ppsh_ads_down
xanim,viewmodel_ppsh_ads_up
xanim,viewmodel_ppsh_aperture_ads_down
xanim,viewmodel_ppsh_aperture_ads_up
xanim,viewmodel_ppsh_banana_clip_reload
xanim,viewmodel_ppsh_banana_clip_reload_empty
xanim,viewmodel_ppsh_fire
xanim,viewmodel_ppsh_idle
xanim,viewmodel_ppsh_idle_empty
xanim,viewmodel_ppsh_lastshot
xanim,viewmodel_ppsh_pullout
xanim,viewmodel_ppsh_pullout_empty
xanim,viewmodel_ppsh_pullout_fast
xanim,viewmodel_ppsh_putaway
xanim,viewmodel_ppsh_putaway_empty
xanim,viewmodel_ppsh_putaway_fast
xanim,viewmodel_ppsh_reload
xanim,viewmodel_ppsh_reload_notempty
xanim,viewmodel_ppsh_switch
xanim,viewmodel_rpd_ads_down
xanim,viewmodel_rpd_ads_fire
xanim,viewmodel_rpd_ads_up
xanim,viewmodel_rpd_fire
xanim,viewmodel_rpd_idle
xanim,viewmodel_rpd_pullout
xanim,viewmodel_rpd_putaway
xanim,viewmodel_rpd_reload
xanim,viewmodel_springfield_ads_down
xanim,viewmodel_springfield_ads_up
xanim,viewmodel_springfield_end
xanim,viewmodel_springfield_fire
xanim,viewmodel_springfield_idle
xanim,viewmodel_springfield_intro
xanim,viewmodel_springfield_loop
xanim,viewmodel_springfield_pullout
xanim,viewmodel_springfield_pullout_fast
xanim,viewmodel_springfield_putaway
xanim,viewmodel_springfield_putaway_fast
xanim,viewmodel_springfield_rechamber
xanim,viewmodel_springfield_reload
xanim,viewmodel_springfield_rifle_bayonett_first_raise
xanim,viewmodel_springfield_rifle_bayonett_swipe
xanim,viewmodel_springfield_rifle_bayonett_thrust
xanim,viewmodel_springfield_scope_ads_down
xanim,viewmodel_springfield_scope_ads_up
xanim,viewmodel_springfield_scope_idle
xanim,viewmodel_thompson_ads_down
xanim,viewmodel_thompson_ads_up
xanim,viewmodel_thompson_aperture_ads_down
xanim,viewmodel_thompson_aperture_ads_up
xanim,viewmodel_thompson_drum_clip_reload
xanim,viewmodel_thompson_drum_clip_reload_empty
xanim,viewmodel_thompson_fire
xanim,viewmodel_thompson_fire_ads
xanim,viewmodel_thompson_idle
xanim,viewmodel_thompson_idle_empty
xanim,viewmodel_thompson_lastshot
xanim,viewmodel_thompson_pullout
xanim,viewmodel_thompson_pullout_empty
xanim,viewmodel_thompson_pullout_fast
xanim,viewmodel_thompson_putaway
xanim,viewmodel_thompson_putaway_empty
xanim,viewmodel_thompson_putaway_fast
xanim,viewmodel_thompson_reload
xanim,viewmodel_thompson_reload_empty
xanim,viewmodel_thompson_switch
xanim,viewmodel_trenchgun_grip_ads_down
xanim,viewmodel_trenchgun_grip_ads_up
xanim,viewmodel_trenchgun_grip_fire
xanim,viewmodel_trenchgun_grip_fire_ads
xanim,viewmodel_trenchgun_grip_idle
xanim,viewmodel_trenchgun_grip_pullout
xanim,viewmodel_trenchgun_grip_putaway
xanim,viewmodel_trenchgun_grip_rechamber
xanim,viewmodel_trenchgun_grip_reload_end
xanim,viewmodel_trenchgun_grip_reload_loop
xanim,viewmodel_trenchgun_grip_reload_start
xanim,viewmodel_winchester_ads_down
xanim,viewmodel_winchester_ads_up
xanim,viewmodel_winchester_fire
xanim,viewmodel_winchester_fire_ads
xanim,viewmodel_winchester_idle
xanim,viewmodel_winchester_pullout
xanim,viewmodel_winchester_pullout_quick
xanim,viewmodel_winchester_putaway
xanim,viewmodel_winchester_putaway_quick
xanim,viewmodel_winchester_rechamber
xanim,viewmodel_winchester_rechamber_ads
xanim,viewmodel_winchester_reload_end
xanim,viewmodel_winchester_reload_intro
xanim,viewmodel_winchester_reload_loop
xanim,viewmodel_zombie_perksacola_drink
xanim,viewmodel_zombie_perksacola_idle
xanim,viewmodel_zombie_perksacola_lower
xmodel,char_ger_ansel_body_zomb
xmodel,char_ger_ansel_head_zomb
xmodel,char_ger_honorgd_body1_2_g_behead
xmodel,char_ger_honorgd_body1_2_g_larmoff_1
xmodel,char_ger_honorgd_body1_2_g_larmoff_2
xmodel,char_ger_honorgd_body1_2_g_legsoff_1
xmodel,char_ger_honorgd_body1_2_g_llegoff_1
xmodel,char_ger_honorgd_body1_2_g_llegoff_2
xmodel,char_ger_honorgd_body1_2_g_lowclean
xmodel,char_ger_honorgd_body1_2_g_rarmoff_1
xmodel,char_ger_honorgd_body1_2_g_rarmoff_2
xmodel,char_ger_honorgd_body1_2_g_rlegoff_1
xmodel,char_ger_honorgd_body1_2_g_rlegoff_2
xmodel,char_ger_honorgd_body1_2_g_torso_1
xmodel,char_ger_honorgd_body1_2_g_upclean
xmodel,char_ger_honorgd_body1_g_behead
xmodel,char_ger_honorgd_body1_g_larmoff_1
xmodel,char_ger_honorgd_body1_g_larmoff_2
xmodel,char_ger_honorgd_body1_g_larmspawn
xmodel,char_ger_honorgd_body1_g_legsoff_1
xmodel,char_ger_honorgd_body1_g_llegoff_1
xmodel,char_ger_honorgd_body1_g_llegoff_2
xmodel,char_ger_honorgd_body1_g_llegspawn
xmodel,char_ger_honorgd_body1_g_lowclean
xmodel,char_ger_honorgd_body1_g_rarmoff_1
xmodel,char_ger_honorgd_body1_g_rarmoff_2
xmodel,char_ger_honorgd_body1_g_rarmspawn
xmodel,char_ger_honorgd_body1_g_rlegoff_1
xmodel,char_ger_honorgd_body1_g_rlegoff_2
xmodel,char_ger_honorgd_body1_g_rlegspawn
xmodel,char_ger_honorgd_body1_g_torso_1
xmodel,char_ger_honorgd_body1_g_upclean
xmodel,char_ger_honorgd_bodyz1_1
xmodel,char_ger_honorgd_bodyz1_2
xmodel,char_ger_honorgd_bodyz2_1
xmodel,char_ger_honorgd_bodyz2_2
xmodel,char_ger_honorgd_zombiehead1_1
xmodel,char_ger_honorgd_zombiehead1_2
xmodel,char_ger_honorgd_zombiehead1_3
xmodel,char_ger_honorgd_zombiehead1_4
xmodel,char_ger_honorgd_zombiehead1_5
xmodel,char_ger_honorgd_zombiehead1_6
xmodel,char_ger_honorgd_zombiehead2_1
xmodel,char_ger_honorgd_zombiehead2_2
xmodel,char_ger_honorgd_zombiehead2_3
xmodel,char_ger_honorgd_zombiehead2_4
xmodel,char_ger_honorgd_zombiehead2_5
xmodel,char_ger_honorgd_zombiehead2_6
xmodel,char_ger_honorgd_zombiehead3_1
xmodel,char_ger_honorgd_zombiehead3_2
xmodel,char_ger_honorgd_zombiehead3_3
xmodel,char_ger_honorgd_zombiehead3_4
xmodel,char_ger_honorgd_zombiehead3_5
xmodel,char_ger_honorgd_zombiehead3_6
xmodel,char_ger_honorgd_zombiehead4_1
xmodel,char_ger_honorgd_zombiehead4_2
xmodel,char_ger_honorgd_zombiehead4_3
xmodel,char_ger_honorgd_zombiehead4_4
xmodel,char_ger_honorgd_zombiehead4_5
xmodel,char_ger_honorgd_zombiehead4_6
xmodel,char_ger_waffen_officercap1_zomb
xmodel,char_rus_guard_body1_m_g_behead
xmodel,char_rus_guard_body1_m_g_larmoff_1
xmodel,char_rus_guard_body1_m_g_larmspawn
xmodel,char_rus_guard_body1_m_g_legsoff_1
xmodel,char_rus_guard_body1_m_g_llegoff_1
xmodel,char_rus_guard_body1_m_g_llegspawn
xmodel,char_rus_guard_body1_m_g_lowclean
xmodel,char_rus_guard_body1_m_g_rarmoff_1
xmodel,char_rus_guard_body1_m_g_rarmspawn
xmodel,char_rus_guard_body1_m_g_rlegoff_1
xmodel,char_rus_guard_body1_m_g_rlegspawn
xmodel,char_rus_guard_body1_m_g_torso_1
xmodel,char_rus_guard_body1_m_g_upclean
xmodel,char_rus_guard_chernova_zomb
xmodel,char_rus_guard_player_body_hmg
xmodel,char_rus_guard_player_head_hmg
xmodel,char_usa_marine_body1_m_g_behead
xmodel,char_usa_marine_body1_m_g_larmoff_1
xmodel,char_usa_marine_body1_m_g_larmspawn
xmodel,char_usa_marine_body1_m_g_legsoff_1
xmodel,char_usa_marine_body1_m_g_llegoff_1
xmodel,char_usa_marine_body1_m_g_llegspawn
xmodel,char_usa_marine_body1_m_g_lowclean
xmodel,char_usa_marine_body1_m_g_rarmoff_1
xmodel,char_usa_marine_body1_m_g_rarmspawn
xmodel,char_usa_marine_body1_m_g_rlegoff_1
xmodel,char_usa_marine_body1_m_g_rlegspawn
xmodel,char_usa_marine_body1_m_g_torso_1
xmodel,char_usa_marine_body1_m_g_upclean
xmodel,char_usa_marine_comoff
xmodel,char_usa_marine_helmm
xmodel,char_usa_raider_player_body_assault
xmodel,char_usa_raider_player_head_assault
xmodel,collision_geo_64x64x128
xmodel,fx_axis_createfx
xmodel,fx_bullet_chain
xmodel,fx_pistol_shell
xmodel,fx_rifle_shell
xmodel,fx_shotgun_shell
xmodel,mounted_ger_mg42_bipod_mg
xmodel,projectile_m203grenade
xmodel,projectile_mp_sticky_grenade
xmodel,viewmodel_ak47
xmodel,viewmodel_ak74u
xmodel,viewmodel_desert_eagle
xmodel,viewmodel_dragunov
xmodel,viewmodel_ger_kar98_rifle_bayonet
xmodel,viewmodel_hands_cloth
xmodel,viewmodel_hands_no_model
xmodel,viewmodel_m16
xmodel,viewmodel_m249
xmodel,viewmodel_m4
xmodel,viewmodel_m4m203_mp_brock
xmodel,viewmodel_mp5
xmodel,viewmodel_mp_g43
xmodel,viewmodel_mp_garand
xmodel,viewmodel_mp_m1carbine
xmodel,viewmodel_mp_mp40
xmodel,viewmodel_mp_ppsh
xmodel,viewmodel_mp_stg44
xmodel,viewmodel_mp_sticky_grenade
xmodel,viewmodel_mp_thompson
xmodel,viewmodel_mp_trenchgun
xmodel,viewmodel_rpd
xmodel,viewmodel_rus_guard_arms
xmodel,viewmodel_rus_ppsh_smg
xmodel,viewmodel_usa_kbar_knife
xmodel,viewmodel_usa_m1garand_rifle_bayonet
xmodel,viewmodel_usa_marine_arms
xmodel,viewmodel_usa_springfield_rifle
xmodel,viewmodel_usa_springfield_rifle_bayonet
xmodel,viewmodel_usa_springfield_rifle_scoped
xmodel,viewmodel_winchester1200
xmodel,viewmodel_zombie_colt45_pistol
xmodel,viewmodel_zombie_flamethrower
xmodel,viewmodel_zombie_kar98_scoped_rifle
xmodel,viewmodel_zombie_ptrs41
xmodel,viewmodel_zombie_springfield_scoped_rifle
xmodel,weapon_ak47
xmodel,weapon_ak47_clip
xmodel,weapon_ak74u
xmodel,weapon_ak74u_clip
xmodel,weapon_desert_eagle_silver
xmodel,weapon_dragunov
xmodel,weapon_dragunov_clip
xmodel,weapon_ger_kar98_rifle_bayonet
xmodel,weapon_m16_clip
xmodel,weapon_m16basic_sp
xmodel,weapon_m4grunt_sp
xmodel,weapon_m4m203_mp_brock
xmodel,weapon_mp5
xmodel,weapon_mp5_clip
xmodel,weapon_mp_g43_rifle
xmodel,weapon_mp_m1carbine_rifle
xmodel,weapon_mp_m1garand_rifle
xmodel,weapon_mp_mp40_smg
xmodel,weapon_mp_mp44_lmg
xmodel,weapon_mp_ppsh_smg
xmodel,weapon_mp_sticky_grenade
xmodel,weapon_mp_thompson_smg
xmodel,weapon_mp_trenchgun_rifle
xmodel,weapon_rpd
xmodel,weapon_rus_ppsh_smg
xmodel,weapon_saw
xmodel,weapon_saw_clip
xmodel,weapon_usa_kbar_knife
xmodel,weapon_usa_kbar_knife_mp
xmodel,weapon_usa_m1garand_rifle_bayonet
xmodel,weapon_usa_springfield_rifle
xmodel,weapon_usa_springfield_rifle_bayonet
xmodel,weapon_usa_springfield_rifle_scoped
xmodel,weapon_winchest1200
xmodel,weapon_zombie_colt45_pistol
xmodel,weapon_zombie_flamethrower
xmodel,weapon_zombie_kar98_scoped_rifle
xmodel,weapon_zombie_ptrs41
xmodel,weapon_zombie_springfield_scoped
xmodel,zombie_3rd_perk_bottle_doubletap
xmodel,zombie_3rd_perk_bottle_jugg
xmodel,zombie_3rd_perk_bottle_revive
xmodel,zombie_3rd_perk_bottle_sleight
xmodel,zombie_brain
xmodel,zombie_perk_bottle_doubletap
xmodel,zombie_perk_bottle_jugg
xmodel,zombie_perk_bottle_revive
xmodel,zombie_perk_bottle_sleight
xmodel,zombie_vending_doubletap
xmodel,zombie_vending_doubletap_on
xmodel,zombie_vending_jugg
xmodel,zombie_vending_jugg_on
xmodel,zombie_vending_revive
xmodel,zombie_vending_revive_on
xmodel,zombie_vending_sleight
xmodel,zombie_vending_sleight_on
material,animbg_fogscrollthin
material,gfx_fxt_debris_clump
material,gfx_fxt_debris_plume_water
material,gfx_fxt_debris_wind_ash
material,gfx_fxt_smk_light
material,gradient_bottom
material,gradient_left
material,gradient_top
material,hud_icon_colt
material,hud_icon_gewehr43
material,hud_icon_grenade_launcher
material,hud_icon_grenade_launcher_dpad
material,hud_icon_kar98k
material,hud_icon_m1carbine
material,hud_icon_m1garand
material,hud_icon_m1garand_grenade
material,hud_icon_mg42
material,hud_icon_mp40
material,hud_icon_ppsh
material,hud_icon_shotgun
material,hud_icon_springfield
material,hud_icon_stg44
material,hud_icon_sticky_grenade
material,hud_icon_thompson
material,hud_icon_walther
material,hud_us_grenade
material,logo_cod2
material,mc/global_invisible
material,mc/mtl_ammo_belt
material,mc/mtl_brass_shells
material,mc/mtl_char_ger_ansel_body_zomb
material,mc/mtl_char_ger_ansel_body_zomb_linen
material,mc/mtl_char_ger_ansel_body_zomb_lthr
material,mc/mtl_char_ger_ansel_body_zomb_metal
material,mc/mtl_char_ger_ansel_head_zomb
material,mc/mtl_char_ger_ansel_head_zomb_eyes
material,mc/mtl_char_ger_gear01_zomb
material,mc/mtl_char_ger_gear01_zomb_lthr
material,mc/mtl_char_ger_gear01_zomb_metal
material,mc/mtl_char_ger_gear01_zomb_wool
material,mc/mtl_char_ger_gear02_zomb
material,mc/mtl_char_ger_gear02_zomb_canvas
material,mc/mtl_char_ger_gear02_zomb_lthr
material,mc/mtl_char_ger_gear02_zomb_metal
material,mc/mtl_char_ger_head1_1
material,mc/mtl_char_ger_headz1_1
material,mc/mtl_char_ger_headz1_2
material,mc/mtl_char_ger_headz1_3
material,mc/mtl_char_ger_headz1_4
material,mc/mtl_char_ger_honorguard_body1_1
material,mc/mtl_char_ger_honorguard_body1_2
material,mc/mtl_char_ger_honorguard_linen1_1
material,mc/mtl_char_ger_honorguard_linen1_2
material,mc/mtl_char_ger_honorguard_lthr1_1
material,mc/mtl_char_ger_honorguard_lthr1_2
material,mc/mtl_char_ger_honorguard_metal1_1
material,mc/mtl_char_ger_honorguard_metal1_2
material,mc/mtl_char_ger_nazizombie_eyes
material,mc/mtl_char_jap_impinf_gore_blend
material,mc/mtl_char_jap_impinf_gore_limbs
material,mc/mtl_char_jap_impinf_gore_punch
material,mc/mtl_char_rus_grachev_body_z
material,mc/mtl_char_rus_grachev_body_z_canvas1
material,mc/mtl_char_rus_grachev_body_z_linen1
material,mc/mtl_char_rus_grachev_body_z_lthr1
material,mc/mtl_char_rus_grachev_body_z_wool1
material,mc/mtl_char_rus_grachev_head
material,mc/mtl_char_rus_grachev_head_eyes
material,mc/mtl_char_rus_guard_gear_zomb1_1
material,mc/mtl_char_rus_guard_mp_body1_1
material,mc/mtl_char_rus_guard_mp_body1_canvas1_1
material,mc/mtl_char_rus_guard_mp_body1_linen1_1
material,mc/mtl_char_rus_guard_mp_body1_lthr1_1
material,mc/mtl_char_rus_guard_mp_gear1_1
material,mc/mtl_char_rus_guard_mp_gear1_canvas1
material,mc/mtl_char_rus_guard_mp_gear1_lthr1
material,mc/mtl_char_rus_guard_mp_gear1_metal1
material,mc/mtl_char_rus_guard_mp_gear2_1
material,mc/mtl_char_rus_guard_mp_gear2_canvas1
material,mc/mtl_char_rus_guard_mp_gear2_lthr1
material,mc/mtl_char_rus_guard_mp_gear2_metal1
material,mc/mtl_char_rus_guard_mp_head1_1
material,mc/mtl_char_rus_guard_mp_head1_2
material,mc/mtl_char_rus_guard_mp_head1_eyes2
material,mc/mtl_char_usa_marine_comoff_body
material,mc/mtl_char_usa_marine_comoff_canvas
material,mc/mtl_char_usa_marine_comoff_eyes
material,mc/mtl_char_usa_marine_comoff_head
material,mc/mtl_char_usa_marine_comoff_linen
material,mc/mtl_char_usa_marine_comoff_lthr
material,mc/mtl_char_usa_marine_comoff_metal
material,mc/mtl_char_usa_marine_decal_medic
material,mc/mtl_char_usa_marine_gear
material,mc/mtl_char_usa_marine_gear2
material,mc/mtl_char_usa_marine_gear2_canvas
material,mc/mtl_char_usa_marine_gear2_lthr
material,mc/mtl_char_usa_marine_gear2_metal
material,mc/mtl_char_usa_marine_gear_canvas
material,mc/mtl_char_usa_marine_gear_lthr
material,mc/mtl_char_usa_marine_gear_metal
material,mc/mtl_char_usa_marine_mp_body1
material,mc/mtl_char_usa_marine_mp_canvas1
material,mc/mtl_char_usa_marine_mp_cotton1
material,mc/mtl_char_usa_marine_mp_gear
material,mc/mtl_char_usa_marine_mp_gear2
material,mc/mtl_char_usa_marine_mp_gear2_canvas
material,mc/mtl_char_usa_marine_mp_gear2_metal
material,mc/mtl_char_usa_marine_mp_gear_canvas
material,mc/mtl_char_usa_marine_mp_gear_metal
material,mc/mtl_char_usa_marine_mp_head1_eyes
material,mc/mtl_char_usa_marine_mp_lthr1
material,mc/mtl_char_usa_marine_mp_metal1
material,mc/mtl_char_usa_marine_mp_shades
material,mc/mtl_char_usa_marine_mp_shades_metal
material,mc/mtl_char_usa_raider_mp_head1
material,mc/mtl_char_usa_raider_mp_head2
material,mc/mtl_default
material,mc/mtl_drumclip_mg42
material,mc/mtl_fx_axis_createfx
material,mc/mtl_fx_bullet_chain
material,mc/mtl_fx_shell
material,mc/mtl_fx_shotgun_shell
material,mc/mtl_ger_bayonet
material,mc/mtl_ger_mg_mg42
material,mc/mtl_k98_riflegrenade_mount
material,mc/mtl_k98round
material,mc/mtl_riflegrenade_m9a1
material,mc/mtl_rus_scope_trans
material,mc/mtl_rus_smg_ppsh41
material,mc/mtl_rus_smg_ppsh41_wood
material,mc/mtl_static_global_usa_binoculars
material,mc/mtl_stripper_clip
material,mc/mtl_usa_bayonet
material,mc/mtl_usa_knife
material,mc/mtl_viewmodel_flamethrower_hose_zombie
material,mc/mtl_viewmodel_flamethrower_zombie
material,mc/mtl_viewmodel_guard_cloth
material,mc/mtl_viewmodel_guard_skin
material,mc/mtl_viewmodel_marine_button
material,mc/mtl_viewmodel_marine_cloth
material,mc/mtl_viewmodel_marine_skin
material,mc/mtl_viewmodel_raider_cloth
material,mc/mtl_viewmodel_raider_skin
material,mc/mtl_weapon_ak47
material,mc/mtl_weapon_ak47_misc_nocamo
material,mc/mtl_weapon_ak74u
material,mc/mtl_weapon_ak74u_misc_nocamo
material,mc/mtl_weapon_aperture_and_acog
material,mc/mtl_weapon_colt45
material,mc/mtl_weapon_desert_eagle_silver
material,mc/mtl_weapon_dragunov
material,mc/mtl_weapon_dragunov_misc_nocamo
material,mc/mtl_weapon_dragunov_scope
material,mc/mtl_weapon_flamethrower_zombie
material,mc/mtl_weapon_flash_suppressor
material,mc/mtl_weapon_foregrip_a
material,mc/mtl_weapon_g36_scope
material,mc/mtl_weapon_holograph
material,mc/mtl_weapon_kar98
material,mc/mtl_weapon_kar98_scope_lens
material,mc/mtl_weapon_kar98_wood
material,mc/mtl_weapon_laser_point
material,mc/mtl_weapon_m16berrel
material,mc/mtl_weapon_m1garand
material,mc/mtl_weapon_m1garand_wood
material,mc/mtl_weapon_m203_grenade
material,mc/mtl_weapon_m4_m16
material,mc/mtl_weapon_m4_m16_brock
material,mc/mtl_weapon_m7grenade_launcher
material,mc/mtl_weapon_mp40_expander
material,mc/mtl_weapon_mp5
material,mc/mtl_weapon_mp_apature_crosshair
material,mc/mtl_weapon_mp_apature_glass
material,mc/mtl_weapon_mp_carbine
material,mc/mtl_weapon_mp_g43
material,mc/mtl_weapon_mp_g43_wood
material,mc/mtl_weapon_mp_kar98
material,mc/mtl_weapon_mp_kar98_scope
material,mc/mtl_weapon_mp_kar98_wood
material,mc/mtl_weapon_mp_m1garand
material,mc/mtl_weapon_mp_m1garand_wood
material,mc/mtl_weapon_mp_mp40
material,mc/mtl_weapon_mp_mp44
material,mc/mtl_weapon_mp_mp44_wood
material,mc/mtl_weapon_mp_ppsh41
material,mc/mtl_weapon_mp_ppsh41_clip
material,mc/mtl_weapon_mp_silencer
material,mc/mtl_weapon_mp_springfield
material,mc/mtl_weapon_mp_springfield_scope
material,mc/mtl_weapon_mp_telescopic_lens
material,mc/mtl_weapon_mp_thompson
material,mc/mtl_weapon_mp_thompson_drum
material,mc/mtl_weapon_mp_trenchgun
material,mc/mtl_weapon_ptrs
material,mc/mtl_weapon_ptrs_scope
material,mc/mtl_weapon_ptrs_wood
material,mc/mtl_weapon_red_dot
material,mc/mtl_weapon_red_scope
material,mc/mtl_weapon_reflex_lens_g36
material,mc/mtl_weapon_rpd
material,mc/mtl_weapon_rpd_misc_nocamo
material,mc/mtl_weapon_saw
material,mc/mtl_weapon_saw_misc_nocamo
material,mc/mtl_weapon_springfield
material,mc/mtl_weapon_springfield_lens
material,mc/mtl_weapon_springfield_noscope
material,mc/mtl_weapon_springfield_scope
material,mc/mtl_weapon_springfield_wood
material,mc/mtl_weapon_sticky_grenade
material,mc/mtl_weapon_telescopic_glass
material,mc/mtl_weapon_winchest1200
material,mc/mtl_weapon_winchest1200_misc_nocamo
material,mc/mtl_weapon_zf4_scope
material,mc/mtl_zombie_brain
material,mc/mtl_zombie_perk_bottle_dbltap
material,mc/mtl_zombie_perk_bottle_dbltap_in
material,mc/mtl_zombie_perk_bottle_dbltap_out
material,mc/mtl_zombie_perk_bottle_jugg
material,mc/mtl_zombie_perk_bottle_jugg_in
material,mc/mtl_zombie_perk_bottle_jugg_out
material,mc/mtl_zombie_perk_bottle_revive
material,mc/mtl_zombie_perk_bottle_revive_in
material,mc/mtl_zombie_perk_bottle_revive_out
material,mc/mtl_zombie_perk_bottle_sleight
material,mc/mtl_zombie_perk_bottle_sleight_in
material,mc/mtl_zombie_perk_bottle_sleight_out
material,mc/mtl_zombie_vend_sleight
material,mc/mtl_zombie_vending_doubletap
material,mc/mtl_zombie_vending_doubletap_logo_dark
material,mc/mtl_zombie_vending_doubletap_logo_lit
material,mc/mtl_zombie_vending_jugg
material,mc/mtl_zombie_vending_jugg_logo_dark
material,mc/mtl_zombie_vending_jugg_logo_lit
material,mc/mtl_zombie_vending_revive_dark
material,mc/mtl_zombie_vending_revive_lit
material,mc/mtl_zombie_vending_revsign
material,mc/mtl_zombie_vending_revsign_dark
material,mc/mtl_zombie_vending_revsign_lit
material,mc/mtl_zombie_vending_sign_frame
material,mc/mtl_zombie_vending_sleight_dark
material,mc/mtl_zombie_vending_sleight_glass
material,mc/mtl_zombie_vending_sleight_lit
material,mc/mtl_zombie_vending_sleight_logo_dark
material,mc/mtl_zombie_vending_sleight_logo_lit
material,mc/mtl_zombie_vending_vent_power_off
material,mc/mtl_zombie_vending_vent_power_on
material,menu_background_mp_tank
material,menu_background_mp_tank_blurred
material,menu_black_line
material,menu_button_backing
material,menu_button_backing_highlight
material,menu_popup_back
material,menu_white_line
material,menu_white_line_faded
material,reticle_center_cross
material,reticle_grenade_launch
material,reticle_side_small
material,scope_overlay_american
material,scope_overlay_german
material,scope_overlay_mp
material,specialty_armorvest
material,specialty_bulletdamage
material,specialty_fastreload
material,specialty_locked
material,specialty_locked_challenge
material,specialty_longersprint
material,specialty_magic_wrench
material,specialty_new
material,specialty_null
material,specialty_quickrevive_zombies
material,specialty_rof
material,specialty_specialgrenade
material,specialty_twoprimaries
material,ui_arrow_right
material,weapon_30cal
material,weapon_357magnum
material,weapon_attachment_acog
material,weapon_attachment_aperture
material,weapon_attachment_bayonet
material,weapon_attachment_bigammo
material,weapon_attachment_bipod
material,weapon_attachment_grip_trenchgun
material,weapon_attachment_rg
material,weapon_attachment_sawoff
material,weapon_attachment_scoped
material,weapon_bar
material,weapon_bazooka
material,weapon_colt
material,weapon_double_barreled_sawed
material,weapon_double_barreled_shotgun
material,weapon_dp28
material,weapon_fg42
material,weapon_gewehr43
material,weapon_kar98k
material,weapon_m1carbine
material,weapon_m1garand
material,weapon_mg42
material,weapon_molotov_cac
material,weapon_mp40
material,weapon_nambu
material,weapon_panzerscreck
material,weapon_ppsh
material,weapon_ptrs41
material,weapon_shotgun4
material,weapon_springfield
material,weapon_stg44
material,weapon_sticky_grenade_cac
material,weapon_thompson
material,weapon_tokarev
material,weapon_type99_lmg
material,weapon_type99_rifle
material,weapon_walther
material,white
material,white_line_faded_center
techset,2d
techset,distortion_scale
techset,distortion_scale_zfeather
techset,effect
techset,effect_add_nofog
techset,effect_falloff
techset,effect_falloff_add_nofog
techset,effect_zfeather
techset,effect_zfeather_add_nofog
techset,effect_zfeather_falloff
techset,effect_zfeather_falloff_add_nofog
techset,mc_cooktorrance_hsm
techset,mc_cooktorrance_sm
techset,mc_effect
techset,mc_l_hsm_b0c0
techset,mc_l_hsm_b0c0_clothcharr
techset,mc_l_hsm_b0c0_sco
techset,mc_l_hsm_b0c0d0_clothcharr
techset,mc_l_hsm_b0c0d0_sco
techset,mc_l_hsm_b0c0d0n0_clothcharr
techset,mc_l_hsm_b0c0d0n0_sco
techset,mc_l_hsm_b0c0d0n0s0_clothcharr
techset,mc_l_hsm_b0c0d0n0s0_sco
techset,mc_l_hsm_b0c0d0s0_clothcharr
techset,mc_l_hsm_b0c0d0s0_sco
techset,mc_l_hsm_b0c0n0
techset,mc_l_hsm_b0c0n0_clothcharr
techset,mc_l_hsm_b0c0n0_sco
techset,mc_l_hsm_b0c0n0s0
techset,mc_l_hsm_b0c0n0s0_clothcharr
techset,mc_l_hsm_b0c0n0s0_sco
techset,mc_l_hsm_b0c0s0
techset,mc_l_hsm_b0c0s0_clothcharr
techset,mc_l_hsm_b0c0s0_sco
techset,mc_l_hsm_r0c0
techset,mc_l_hsm_r0c0_clothcharr
techset,mc_l_hsm_r0c0_clrdtl_specdtl_clothwet
techset,mc_l_hsm_r0c0_eyeball
techset,mc_l_hsm_r0c0_sco
techset,mc_l_hsm_r0c0d0
techset,mc_l_hsm_r0c0d0_clothcharr
techset,mc_l_hsm_r0c0d0_clrdtl_specdtl_clothwet
techset,mc_l_hsm_r0c0d0_eyeball
techset,mc_l_hsm_r0c0d0_sco
techset,mc_l_hsm_r0c0d0n0
techset,mc_l_hsm_r0c0d0n0_clothcharr
techset,mc_l_hsm_r0c0d0n0_clrdtl_specdtl_clothwet
techset,mc_l_hsm_r0c0d0n0_eyeball
techset,mc_l_hsm_r0c0d0n0_sco
techset,mc_l_hsm_r0c0d0n0s0
techset,mc_l_hsm_r0c0d0n0s0_clothcharr
techset,mc_l_hsm_r0c0d0n0s0_clrdtl_specdtl_clothwet
techset,mc_l_hsm_r0c0d0n0s0_eyeball
techset,mc_l_hsm_r0c0d0n0s0_sco
techset,mc_l_hsm_r0c0d0s0
techset,mc_l_hsm_r0c0d0s0_clothcharr
techset,mc_l_hsm_r0c0d0s0_clrdtl_specdtl_clothwet
techset,mc_l_hsm_r0c0d0s0_eyeball
techset,mc_l_hsm_r0c0d0s0_sco
techset,mc_l_hsm_r0c0n0
techset,mc_l_hsm_r0c0n0_clothcharr
techset,mc_l_hsm_r0c0n0_clrdtl_specdtl_clothwet
techset,mc_l_hsm_r0c0n0_eyeball
techset,mc_l_hsm_r0c0n0_sco
techset,mc_l_hsm_r0c0n0s0
techset,mc_l_hsm_r0c0n0s0_clothcharr
techset,mc_l_hsm_r0c0n0s0_clrdtl_specdtl_clothwet
techset,mc_l_hsm_r0c0n0s0_eyeball
techset,mc_l_hsm_r0c0n0s0_sco
techset,mc_l_hsm_r0c0s0
techset,mc_l_hsm_r0c0s0_clothcharr
techset,mc_l_hsm_r0c0s0_clrdtl_specdtl_clothwet
techset,mc_l_hsm_r0c0s0_eyeball
techset,mc_l_hsm_r0c0s0_sco
techset,mc_l_hsm_t0c0
techset,mc_l_hsm_t0c0_sco
techset,mc_l_hsm_t0c0d0_sco
techset,mc_l_hsm_t0c0d0n0_sco
techset,mc_l_hsm_t0c0d0n0s0_sco
techset,mc_l_hsm_t0c0d0s0_sco
techset,mc_l_hsm_t0c0n0
techset,mc_l_hsm_t0c0n0_sco
techset,mc_l_hsm_t0c0n0s0
techset,mc_l_hsm_t0c0n0s0_sco
techset,mc_l_hsm_t0c0s0
techset,mc_l_hsm_t0c0s0_sco
techset,mc_l_sm_b0c0
techset,mc_l_sm_b0c0_clothcharr
techset,mc_l_sm_b0c0_sco
techset,mc_l_sm_b0c0d0_clothcharr
techset,mc_l_sm_b0c0d0_sco
techset,mc_l_sm_b0c0d0n0_clothcharr
techset,mc_l_sm_b0c0d0n0_sco
techset,mc_l_sm_b0c0d0n0s0_clothcharr
techset,mc_l_sm_b0c0d0n0s0_sco
techset,mc_l_sm_b0c0d0s0_clothcharr
techset,mc_l_sm_b0c0d0s0_sco
techset,mc_l_sm_b0c0n0
techset,mc_l_sm_b0c0n0_clothcharr
techset,mc_l_sm_b0c0n0_sco
techset,mc_l_sm_b0c0n0s0
techset,mc_l_sm_b0c0n0s0_clothcharr
techset,mc_l_sm_b0c0n0s0_sco
techset,mc_l_sm_b0c0s0
techset,mc_l_sm_b0c0s0_clothcharr
techset,mc_l_sm_b0c0s0_sco
techset,mc_l_sm_r0c0
techset,mc_l_sm_r0c0_clothcharr
techset,mc_l_sm_r0c0_clrdtl_specdtl_clothwet
techset,mc_l_sm_r0c0_eyeball
techset,mc_l_sm_r0c0_sco
techset,mc_l_sm_r0c0d0
techset,mc_l_sm_r0c0d0_clothcharr
techset,mc_l_sm_r0c0d0_clrdtl_specdtl_clothwet
techset,mc_l_sm_r0c0d0_eyeball
techset,mc_l_sm_r0c0d0_sco
techset,mc_l_sm_r0c0d0n0
techset,mc_l_sm_r0c0d0n0_clothcharr
techset,mc_l_sm_r0c0d0n0_clrdtl_specdtl_clothwet
techset,mc_l_sm_r0c0d0n0_eyeball
techset,mc_l_sm_r0c0d0n0_sco
techset,mc_l_sm_r0c0d0n0s0
techset,mc_l_sm_r0c0d0n0s0_clothcharr
techset,mc_l_sm_r0c0d0n0s0_clrdtl_specdtl_clothwet
techset,mc_l_sm_r0c0d0n0s0_eyeball
techset,mc_l_sm_r0c0d0n0s0_sco
techset,mc_l_sm_r0c0d0s0
techset,mc_l_sm_r0c0d0s0_clothcharr
techset,mc_l_sm_r0c0d0s0_clrdtl_specdtl_clothwet
techset,mc_l_sm_r0c0d0s0_eyeball
techset,mc_l_sm_r0c0d0s0_sco
techset,mc_l_sm_r0c0n0
techset,mc_l_sm_r0c0n0_clothcharr
techset,mc_l_sm_r0c0n0_clrdtl_specdtl_clothwet
techset,mc_l_sm_r0c0n0_eyeball
techset,mc_l_sm_r0c0n0_sco
techset,mc_l_sm_r0c0n0s0
techset,mc_l_sm_r0c0n0s0_clothcharr
techset,mc_l_sm_r0c0n0s0_clrdtl_specdtl_clothwet
techset,mc_l_sm_r0c0n0s0_eyeball
techset,mc_l_sm_r0c0n0s0_sco
techset,mc_l_sm_r0c0s0
techset,mc_l_sm_r0c0s0_clothcharr
techset,mc_l_sm_r0c0s0_clrdtl_specdtl_clothwet
techset,mc_l_sm_r0c0s0_eyeball
techset,mc_l_sm_r0c0s0_sco
techset,mc_l_sm_t0c0
techset,mc_l_sm_t0c0_sco
techset,mc_l_sm_t0c0d0_sco
techset,mc_l_sm_t0c0d0n0_sco
techset,mc_l_sm_t0c0d0n0s0_sco
techset,mc_l_sm_t0c0d0s0_sco
techset,mc_l_sm_t0c0n0
techset,mc_l_sm_t0c0n0_sco
techset,mc_l_sm_t0c0n0s0
techset,mc_l_sm_t0c0n0s0_sco
techset,mc_l_sm_t0c0s0
techset,mc_l_sm_t0c0s0_sco
techset,mc_reflexsight
techset,mc_unlit
image,$identitynormalmap
image,$white
image,30cal
image,ammo_belt_c
image,apature_glass_c
image,aperture_and_acog_c
image,aperture_and_acog_n
image,aperture_crosshair_c
image,bar
image,base_eye_highlight
image,bazooka
image,bg_fogscrollthin
image,black_line
image,brass_garand
image,center_cross
image,char_base_fabric_canvas_n
image,char_base_fabric_cotton_n
image,char_base_fabric_gray_c
image,char_base_fabric_leather_n
image,char_base_fabric_linen_n
image,char_base_fabric_wool_n
image,char_body_burn_swatch_c
image,char_burned_head_c
image,char_burned_swatch_n
image,char_burning_mask
image,char_gear_burn_swatch_c
image,char_gen_gib_decals
image,char_ger_ansel_body_zomb_c
image,char_ger_ansel_body_zomb_n
image,char_ger_ansel_head_c
image,char_ger_ansel_head_zomb_n
image,char_ger_gear01_c
image,char_ger_gear01_zomb_n
image,char_ger_gear02_zomb_c
image,char_ger_gear02_zomb_n
image,char_ger_head1_c
image,char_ger_head1_n
image,char_ger_honorguard_body1_c
image,char_ger_honorguard_body1_n
image,char_ger_honorguard_body2_c
image,char_ger_zombie_head1_c
image,char_ger_zombie_head1_n
image,char_ger_zombie_head2_c
image,char_ger_zombie_head3_c
image,char_ger_zombie_head4_c
image,char_jap_burning_mask
image,char_japgear_burn_swatch_c
image,char_raider_body1_mp_c
image,char_raider_body1_mp_n
image,char_rus_gear1_c
image,char_rus_gear1_mp_c
image,char_rus_gear1_mp_n
image,char_rus_gear1_zomb_n
image,char_rus_gear2_mp_c
image,char_rus_gear2_mp_n
image,char_rus_grachev_body_c
image,char_rus_grachev_body_zomb_n
image,char_rus_grachev_head_c
image,char_rus_grachev_head_n
image,char_rus_redshirtbody1_mp_c
image,char_rus_redshirtbody1_mp_n
image,char_rus_redshirthead1_mp_c
image,char_rus_redshirthead2_mp_c
image,char_rus_redshirthead_mp_n
image,char_usa_marine_comoff_body_c
image,char_usa_marine_comoff_body_n
image,char_usa_marine_comoff_head_c
image,char_usa_marine_comoff_head_n
image,char_usa_marine_decal_medic_c
image,char_usa_marine_decal_medic_n
image,char_usa_marine_gear2_c
image,char_usa_marine_gear2_n
image,char_usa_marine_gear_c
image,char_usa_marine_gear_n
image,char_usa_marine_mp_gear2_c
image,char_usa_marine_mp_gear2_n
image,char_usa_marine_mp_gear_c
image,char_usa_marine_mp_gear_n
image,char_usa_marine_mp_head1_c
image,char_usa_marine_mp_head1_n
image,char_usa_marine_shades_c
image,char_usa_rad_mp_head1_c
image,char_usa_rad_mp_head2_c
image,char_usa_roebuck_wetgrad
image,colt45
image,colt45_c
image,colt45_n
image,default_c
image,double_barreled_shotgun
image,double_barreled_shotgun_sawed
image,dp28
image,eye_glossmap
image,fg42
image,fx_axis_createfx_c
image,fx_bullet_chain_col
image,fx_shell_col
image,fx_shell_nml
image,fx_shotgun_shell_col
image,fx_shotgun_shell_nml
image,fxt_debris_clump
image,fxt_debris_plume_water
image,fxt_debris_wind_ash
image,fxt_smk_light
image,g43
image,ger_bayonet_kar98bayonet_c
image,ger_mg_mg42_c
image,ger_mg_mg42_drumclip_c
image,ger_mg_mg42_drumclip_n
image,ger_mg_mg42_n
image,ger_riflegrenade_kar98k_c
image,ger_scope_kar98k_c
image,global_black_c
image,gradient_bottom
image,gradient_left
image,gradient_top
image,grenade_launch_reticle
image,grenade_launcher
image,hud_colt
image,hud_gewehr43
image,hud_grenade_launcher
image,hud_grenade_launcher_dpad
image,hud_kar98k
image,hud_m1carbine
image,hud_m1garand
image,hud_m1garand_grenade
image,hud_mg42
image,hud_mp40
image,hud_ppsh
image,hud_shotgun
image,hud_springfield
image,hud_stg44
image,hud_sticky_grenade
image,hud_thompson
image,hud_us_grenade
image,hud_walther
image,k98round_c
image,kar98
image,limbs_c
image,limbs_n
image,logo_cod5
image,m1carbine
image,m1garand
image,m7grenade_launcher_c
image,menu_background_mp_tank
image,menu_background_mp_tank_blurred
image,menu_button_backing
image,menu_button_backing_highlight
image,menu_popup_back
image,metal_bumps_n
image,mkfrag
image,mp40
image,mp44
image,nambu
image,p38
image,panzerscreck
image,plain_smooth_n
image,ppsh
image,rus_smg_ppsh41_c
image,rus_smg_ppsh41_clip_c
image,rus_smg_ppsh41_n
image,scope_lens2_c
image,scope_lens_c
image,scope_overlay_american
image,scope_overlay_german
image,scope_overlay_mp
image,side_small
image,silencer_flashsup_c
image,skin_pore_detail
image,specialty_armorvest
image,specialty_bulletdamage
image,specialty_fastreload
image,specialty_locked
image,specialty_locked_challenge
image,specialty_longersprint
image,specialty_magic_wrench
image,specialty_new
image,specialty_null
image,specialty_quickrevive_zombies
image,specialty_rof
image,specialty_specialgrenade
image,specialty_twoprimaries
image,static_global_usa_binoculars_c
image,static_global_usa_binoculars_n
image,sticky_grenade_c
image,stripper_clip_c
image,telescopic_glass_c
image,thompson
image,trenchgun
image,tt30
image,type99_arisaka
image,type99_lmg
image,ui_arrow_right
image,usa_bayonet_m1garandbayonet_c
image,usa_flamer_m2flamethrower_c
image,usa_flamethrower_world_c
image,usa_flamethrower_world_n
image,usa_knife_kbar_c
image,viewmodel_rus_guard_c
image,viewmodel_rus_guard_n
image,viewmodel_usa_marine_c
image,viewmodel_usa_marine_n
image,viewmodel_usa_raider_c
image,viewmodel_usa_raider_n
image,w_ge43_mp_c
image,w_m1garand_c
image,w_m1garand_mp_c
image,w_m1garand_n
image,w_ptrs_c
image,w_ptrs_scope_c
image,w_shotgun_mp_c
image,w_tommy_c
image,w_tommy_drum_c
image,w_zf4_c
image,weapon_357
image,weapon_acog
image,weapon_ak47_c
image,weapon_ak74u_col
image,weapon_aperture_sight
image,weapon_bayonet
image,weapon_big_ammo
image,weapon_bipod
image,weapon_camo_brockhaurd
image,weapon_carbine_mp_c
image,weapon_desert_eagle_silver_col
image,weapon_dragunov_col
image,weapon_dragunov_scope_col
image,weapon_foregrip_a_col
image,weapon_g36_scope_col
image,weapon_grip_trenchgun
image,weapon_holographic_col
image,weapon_holographic_nml
image,weapon_kar98_c
image,weapon_kar98_mp_c
image,weapon_kar98_n
image,weapon_laser_point_col
image,weapon_m16_barrel_col
image,weapon_m203_grenade_col
image,weapon_m4_col
image,weapon_mg42
image,weapon_molotov_cac
image,weapon_mp40_mp_c
image,weapon_mp5_c
image,weapon_ptrs41
image,weapon_red_cross_background
image,weapon_red_dot_reflexsight
image,weapon_red_scope_col
image,weapon_reflex_lens_col
image,weapon_rpd_col
image,weapon_saw_col
image,weapon_scope
image,weapon_springfield
image,weapon_springfield_c
image,weapon_springfield_mp_c
image,weapon_springfield_n
image,weapon_springfield_noscope_c
image,weapon_springfield_noscope_n
image,weapon_springfield_rsight_c
image,weapon_springfield_scope_c
image,weapon_springfield_scope_n
image,weapon_stg44_mp_c
image,weapon_sticky_grenade_cac
image,white_line
image,white_line_faded
image,white_line_faded_center
image,winchest1200_col
image,zombie_beaker_brain_c
image,zombie_beaker_brain_n
image,zombie_eye
image,zombie_perkbottle_dbltap_c
image,zombie_perkbottle_dbltap_in_c
image,zombie_perkbottle_dbltap_out_c
image,zombie_perkbottle_jugg_c
image,zombie_perkbottle_jugg_in_c
image,zombie_perkbottle_jugg_n
image,zombie_perkbottle_jugg_out_c
image,zombie_perkbottle_revive_c
image,zombie_perkbottle_revive_in_c
image,zombie_perkbottle_revive_out_c
image,zombie_perkbottle_sleight_c
image,zombie_perkbottle_sleight_in_c
image,zombie_perkbottle_sleight_out_c
image,zombie_vending_doubletap_c
image,zombie_vending_doubletap_n
image,zombie_vending_jugg_col
image,zombie_vending_jugg_norm
image,zombie_vending_revive_c
image,zombie_vending_revive_n
image,zombie_vending_revsign_c
image,zombie_vending_revsign_n
image,zombie_vending_sleight_c
image,zombie_vending_sleight_logo_c
image,zombie_vending_sleight_n
image,zombie_vending_vent_power_off_c
image,zombie_vending_vent_power_on_c
image,~ammo_belt_s-rgb&ammo_belt_g-l-11
image,~apature_glass_s-rgb&apature_~94234d55
image,~aperture_and_acog_s-rgb&aper~f48409d2
image,~char_base_fabric_gray_c-rgba
image,~char_gen_gib_decals_s-rgb&ch~87e6ce78
image,~char_ger_ansel_body_s-rgb&ch~80dc567b
image,~char_ger_gear01_s-rgb&char_g~10313967
image,~char_ger_gear02_s-rgb&char_g~9d5d778c
image,~char_ger_honorguard_body1_s-rgbl-11
image,~char_head_mp_spec-rgb&char_h~aaf00651
image,~char_head_spec-rgb&char_head~3c7873c9
image,~char_marinewet_new2_g-rgbl-11
image,~char_raider_body1_mp_s-rgb&c~f9c7a837
image,~char_rus_gear1_mp_s-rgb&char~2b977fad
image,~char_rus_gear1_s-rgb&char_ru~bb87bf0c
image,~char_rus_gear2_mp_s-rgb&char~73e14f08
image,~char_rus_grachev_body_s-rgb&~2db62a06
image,~char_rus_redshirtbody1_mp_s-~4a285cec
image,~char_usa_marine_comoff_body_~b1c921e4
image,~char_usa_marine_decal_medic_~c1a8b4fe
image,~char_usa_marine_gear2_s-rgb&~54bbba07
image,~char_usa_marine_gear_s-rgb&c~bb823a68
image,~char_usa_marine_mp_gear2_s-r~9305bd88
image,~char_usa_marine_mp_gear_s-rg~2ceb1186
image,~colt45_s-rgb&colt45_g-l-11
image,~default_s-rgb&$white-l-11
image,~fx_bullet_chain_spc-rgb&fx_b~df2c7c4a
image,~fx_shell_spc-rgb&fx_shell_cos-l-11
image,~fx_shotgun_shell_spc-rgb&fx_~edff6e5f
image,~ger_bayonet_kar98bayonet_s-r~11efdc0c
image,~ger_mg_mg42_drumclip_s-rgb&g~eafb4440
image,~ger_mg_mg42_s-rgb&ger_mg_mg42_g-l
image,~ger_riflegrenade_kar98k_s-rg~13d47222
image,~ger_scope_kar98k_s-rgb&ger_s~e7e49f8b
image,~k98round_s-rgbl-11
image,~limbs_s-rgb&limbs_g-l-11
image,~m7grenade_launcher_s-rgb&m7g~c289ddae
image,~rus_smg_ppsh41_clip_s-rgb&ru~c892d841
image,~rus_smg_ppsh41_s-rgb&rus_smg~8ca6539b
image,~rus_smg_ppsh41_s-rgb&rus_smg~ea9bcaa8
image,~scope_lens2_s-rgb&$white-l-11
image,~scope_lens_s-rgb&$white-l-11
image,~silencer_flashsup_s-rgb&sile~413368c4
image,~static_global_usa_binoculars~42b35898
image,~sticky_grenade_s-rgb&sticky_~f20bcb9d
image,~telescopic_lens_s-rgb&telesc~c577860e
image,~usa_bayonet_m1garandbayonet_~51029779
image,~usa_flamer_m2flamethrower_s-~09e18af8
image,~usa_flamethrower_world_s-rgb~fa8cbd3c
image,~viewmodel_rus_guard_s-rgb&vi~dff36555
image,~viewmodel_usa_marine_s-rgb&v~2e6e56fe
image,~viewmodel_usa_raider_s-rgb&v~557d245d
image,~w_ge43_mp_s-rgb&w_ge43_mp_g-l-11
image,~w_m1garand_mp_s-rgb&w_m1gara~202acb26
image,~w_m1garand_s-rgb&w_m1garand_g-l
image,~w_m1garand_s-rgb&w_m1garand_g-l-11
image,~w_ptrs_s-rgb&w_ptrs_g-l-11
image,~w_ptrs_scope_s-rgb&w_ptrs_sc~d14832ea
image,~w_shotgun_mp_s-rgb&w_shotgun~5120978d
image,~w_tommy_drum_s-rgb&w_tommy_d~1d0ca810
image,~w_tommy_s-rgb&w_tommy_g-l-11
image,~w_zf4_s-rgb&w_zf4_g-l-11
image,~weapon_ak47_s-r-61g-61b-61&w~0848fdf9
image,~weapon_ak47_s-r30g30b30&weap~270f7f8d
image,~weapon_ak74u_spec-rgb&weapon~8d98e74a
image,~weapon_carbine_mp_s-rgb&weap~1fe91f4f
image,~weapon_desert_eagle_silver_s~0e95b0eb
image,~weapon_dragunov_scope_spec-r~d3ea198e
image,~weapon_dragunuv_spec-rgb&wea~41893625
image,~weapon_foregrip_a_spec-r-59g~57ea3d12
image,~weapon_g36_scope_spec-r30g30~44839f6a
image,~weapon_holographic_spc-r34g3~75307947
image,~weapon_kar98_mp_s-rgb&weapon~12b42ccc
image,~weapon_kar98_s-rgb&weapon_kar98_cp-l
image,~weapon_kar98_s-rgb&weapon_ka~e8e20dd8
image,~weapon_laser_point_spc-r-59g~c3b43220
image,~weapon_m16_barrel_spc-r-17g-~9eb8984c
image,~weapon_m203_grenade_spc-r65g~dad0da51
image,~weapon_m4_spc-r-17g-17b-17&w~aca95990
image,~weapon_mp40_mp_s-rgb&weapon_~08433bb1
image,~weapon_mp40_s-rgb&weapon_mp40_cp-l-11
image,~weapon_mp5_s-r-49g-49b-49&we~029a9a7a
image,~weapon_red_scope_spc-r65g65b~d4364490
image,~weapon_reflex_lens_spc-rgb&w~e0ac07de
image,~weapon_rpd_spc-r30g30b30&wea~081b41c8
image,~weapon_saw_spc-r65g65b65&wea~fbd00e22
image,~weapon_springfield_mp_s-rgb&~c73aa5d4
image,~weapon_springfield_noscope_s~6a2f6004
image,~weapon_springfield_s-rgb&wea~314cd595
image,~weapon_springfield_scope_s-r~16039c60
image,~weapon_stg44_mp_s-rgb&weapon~906019ab
image,~winchest1200_spec-rgb&winche~e5e1fe71
image,~zombie_beaker_brain_s-rgb&$white-l-11
image,~zombie_perkbottle_jugg_out_s~14f499c3
image,~zombie_vending_doubletap_s-r~8faf89e7
image,~zombie_vending_jugg_spec-rgb~895a295e
image,~zombie_vending_revive_s-rgb&~029d9471
image,~zombie_vending_revsign_s-rgb~dcbe1867
image,~zombie_vending_sleight_logo_~4305e36c
image,~zombie_vending_sleight_s-rgb~8827252c
menufile,ui/cac_main.menu
menufile,ui/challenges.menu
menufile,ui/choices_setup_common.menu
menufile,ui/main.menu
menufile,ui/realism.inc
menufile,ui/scriptmenus/classmenu.menu
menufile,ui_mp/common_macro.inc
menufile,ui_mp/stats_info.inc
menu,cac_main
menu,classmenu
menu,kit_custom
menu,kit_engineer
menu,kit_medic
menu,kit_soldier
menu,kit_support
menu,main
menu,main_text
menu,menu_challenges
menu,popup_tier
menu,prestige_reset1
menu,prestige_reset2
menu,prestige_reset3
menu,single_popmenu
menu,w_bolt
menu,w_bolt_attachments
menu,w_grenade_secondary
menu,w_mg
menu,w_perk1
menu,w_perk2
menu,w_perk3
menu,w_pistol
menu,w_rifle
menu,w_rifle_attachments
menu,w_rifle_attachments2
menu,w_rifle_attachments3
menu,w_shot
menu,w_shot_attachments
menu,w_shot_attachments2
menu,w_sub
menu,w_support
weapon,sp/ak47
weapon,sp/ak74u
weapon,sp/deserteagle
weapon,sp/dragunov
weapon,sp/gewehr43_aperture
weapon,sp/gewehr43_telescopic
weapon,sp/kar98k_bayonet
weapon,sp/m16
weapon,sp/m1carbine_aperture
weapon,sp/m1carbine_bigammo
weapon,sp/m1garand_bayonet
weapon,sp/m1garand_scoped
weapon,sp/m249
weapon,sp/m4
weapon,sp/m7_launcher2
weapon,sp/mp40_aperture
weapon,sp/mp40_bigammo
weapon,sp/mp5
weapon,sp/ppsh
weapon,sp/ppsh_aperture
weapon,sp/ppsh_bigammo
weapon,sp/rpd
weapon,sp/shotgun_grip
weapon,sp/springfield
weapon,sp/springfield_bayonet
weapon,sp/springfield_scoped_zombie
weapon,sp/stg44_aperture
weapon,sp/stg44_telescopic
weapon,sp/sticky_grenade
weapon,sp/thompson_aperture
weapon,sp/thompson_bigammo
weapon,sp/winchester
weapon,sp/zombie_perk_bottle_doubletap
weapon,sp/zombie_perk_bottle_jugg
weapon,sp/zombie_perk_bottle_revive
weapon,sp/zombie_perk_bottle_sleight
fx,maps/mp_maps/fx_mp_zombie_body_dust_falling
character,char_ger_honorguard2_zombies
character,char_ger_honorguard_zombies
character,char_rus_guard_player_hmg
character,char_usa_marine_h_comoff
character,char_usa_raider_player_assault
character,char_zomb_player_1
character,char_zomb_player_3
xmodelalias,char_ger_hnrgrd_body1_2_g_larmoffalias
xmodelalias,char_ger_hnrgrd_body1_2_g_legsoffalias
xmodelalias,char_ger_hnrgrd_body1_2_g_llegoffalias
xmodelalias,char_ger_hnrgrd_body1_2_g_rarmoffalias
xmodelalias,char_ger_hnrgrd_body1_2_g_rlegoffalias
xmodelalias,char_ger_hnrgrd_body1_2_g_torsoalias
xmodelalias,char_ger_hnrgrd_body1_g_larmoffalias
xmodelalias,char_ger_hnrgrd_body1_g_legsoffalias
xmodelalias,char_ger_hnrgrd_body1_g_llegoffalias
xmodelalias,char_ger_hnrgrd_body1_g_rarmoffalias
xmodelalias,char_ger_hnrgrd_body1_g_rlegoffalias
xmodelalias,char_ger_hnrgrd_body1_g_torsoalias
xmodelalias,char_ger_honorgd2_bodyzalias
xmodelalias,char_ger_honorgd_bodyzalias
xmodelalias,char_ger_honorgd_zombieheadalias
xmodelalias,char_rus_guard_m_g_larmoffalias
xmodelalias,char_rus_guard_m_g_legsoffalias
xmodelalias,char_rus_guard_m_g_llegoffalias
xmodelalias,char_rus_guard_m_g_rarmoffalias
xmodelalias,char_rus_guard_m_g_rlegoffalias
xmodelalias,char_rus_guard_m_g_torsoalias
xmodelalias,char_usa_marine_body1_m_g_larmoffalias
xmodelalias,char_usa_marine_body1_m_g_legsoffalias
xmodelalias,char_usa_marine_body1_m_g_llegoffalias
xmodelalias,char_usa_marine_body1_m_g_rarmoffalias
xmodelalias,char_usa_marine_body1_m_g_rlegoffalias
xmodelalias,char_usa_marine_body1_m_g_torsoalias
rawfile,animtrees/zombie_factory.atr
rawfile,character/char_ger_honorguard2_zombies.gsc
rawfile,character/char_ger_honorguard_zombies.gsc
rawfile,character/char_rus_guard_player_hmg.gsc
rawfile,character/char_usa_marine_h_comoff.gsc
rawfile,character/char_usa_raider_player_assault.gsc
rawfile,character/char_zomb_player_1.gsc
rawfile,character/char_zomb_player_3.gsc
rawfile,mptype/nazi_zombie_heroes.gsc
rawfile,rumble/assault_fire
rawfile,rumble/assault_fire_h.rmb
rawfile,rumble/assault_fire_l.rmb
rawfile,rumble/damage_heavy
rawfile,rumble/damage_heavy_h.rmb
rawfile,rumble/damage_heavy_l.rmb
rawfile,rumble/defaultweapon_fire
rawfile,rumble/defaultweapon_fire_h.rmb
rawfile,rumble/defaultweapon_fire_l.rmb
rawfile,rumble/defaultweapon_melee
rawfile,rumble/defaultweapon_melee_h.rmb
rawfile,rumble/defaultweapon_melee_l.rmb
rawfile,rumble/shotgun_fire
rawfile,rumble/shotgun_fire_h.rmb
rawfile,rumble/shotgun_fire_l.rmb
rawfile,rumble/smg_fire
rawfile,rumble/smg_fire_h.rmb
rawfile,rumble/smg_fire_l.rmb
rawfile,vision/berserker.vision
rawfile,xmodelalias/char_ger_hnrgrd_body1_2_g_larmoffalias.gsc
rawfile,xmodelalias/char_ger_hnrgrd_body1_2_g_legsoffalias.gsc
rawfile,xmodelalias/char_ger_hnrgrd_body1_2_g_llegoffalias.gsc
rawfile,xmodelalias/char_ger_hnrgrd_body1_2_g_rarmoffalias.gsc
rawfile,xmodelalias/char_ger_hnrgrd_body1_2_g_rlegoffalias.gsc
rawfile,xmodelalias/char_ger_hnrgrd_body1_2_g_torsoalias.gsc
rawfile,xmodelalias/char_ger_hnrgrd_body1_g_larmoffalias.gsc
rawfile,xmodelalias/char_ger_hnrgrd_body1_g_legsoffalias.gsc
rawfile,xmodelalias/char_ger_hnrgrd_body1_g_llegoffalias.gsc
rawfile,xmodelalias/char_ger_hnrgrd_body1_g_rarmoffalias.gsc
rawfile,xmodelalias/char_ger_hnrgrd_body1_g_rlegoffalias.gsc
rawfile,xmodelalias/char_ger_hnrgrd_body1_g_torsoalias.gsc
rawfile,xmodelalias/char_ger_honorgd2_bodyzalias.gsc
rawfile,xmodelalias/char_ger_honorgd_bodyzalias.gsc
rawfile,xmodelalias/char_ger_honorgd_zombieheadalias.gsc
rawfile,xmodelalias/char_rus_guard_m_g_larmoffalias.gsc
rawfile,xmodelalias/char_rus_guard_m_g_legsoffalias.gsc
rawfile,xmodelalias/char_rus_guard_m_g_llegoffalias.gsc
rawfile,xmodelalias/char_rus_guard_m_g_rarmoffalias.gsc
rawfile,xmodelalias/char_rus_guard_m_g_rlegoffalias.gsc
rawfile,xmodelalias/char_rus_guard_m_g_torsoalias.gsc
rawfile,xmodelalias/char_usa_marine_body1_m_g_larmoffalias.gsc
rawfile,xmodelalias/char_usa_marine_body1_m_g_legsoffalias.gsc
rawfile,xmodelalias/char_usa_marine_body1_m_g_llegoffalias.gsc
rawfile,xmodelalias/char_usa_marine_body1_m_g_rarmoffalias.gsc
rawfile,xmodelalias/char_usa_marine_body1_m_g_rlegoffalias.gsc
rawfile,xmodelalias/char_usa_marine_body1_m_g_torsoalias.gsc
