loaded_sound,/sfx/levels/zombie/new_zombie_vox/spec_taunt/spec_taunt.wav
loaded_sound,sfx/levels/zombie/new_zombie_vox/taunt/taunt_01.wav
loaded_sound,sfx/levels/zombie/new_zombie_vox/taunt/taunt_02.wav
loaded_sound,sfx/levels/zombie/new_zombie_vox/taunt/taunt_03.wav
loaded_sound,sfx/levels/zombie/new_zombie_vox/taunt/taunt_04.wav
loaded_sound,sfx/levels/zombie/new_zombie_vox/taunt/taunt_05.wav
loaded_sound,sfx/levels/zombie/new_zombie_vox/taunt/taunt_06.wav
loaded_sound,null.wav
loaded_sound,sfx/levels/zombie/maps/asylum/dirt_spawn/dirt_spawn_01.wav
loaded_sound,sfx/levels/zombie/new_zombie_vox/taunt/taunt_00.wav
loaded_sound,sfx/levels/zombie/new_zombie_vox/ambient/ambient_00.wav
loaded_sound,sfx/levels/zombie/new_zombie_vox/ambient/ambient_01.wav
loaded_sound,sfx/levels/zombie/new_zombie_vox/ambient/ambient_02.wav
loaded_sound,sfx/levels/zombie/new_zombie_vox/ambient/ambient_03.wav
loaded_sound,sfx/levels/zombie/new_zombie_vox/ambient/ambient_04.wav
loaded_sound,sfx/levels/zombie/new_zombie_vox/ambient/ambient_05.wav
loaded_sound,sfx/levels/zombie/new_zombie_vox/ambient/ambient_06.wav
loaded_sound,sfx/levels/zombie/new_zombie_vox/ambient/ambient_07.wav
loaded_sound,sfx/levels/zombie/new_zombie_vox/ambient/ambient_08.wav
loaded_sound,sfx/levels/zombie/new_zombie_vox/ambient/ambient_09.wav
loaded_sound,sfx/levels/zombie/new_zombie_vox/ambient/ambient_10.wav
loaded_sound,sfx/levels/zombie/new_zombie_vox/ambient/ambient_11.wav
loaded_sound,sfx/levels/zombie/new_zombie_vox/ambient/ambient_12.wav
loaded_sound,sfx/levels/zombie/new_zombie_vox/ambient/ambient_13.wav
loaded_sound,sfx/levels/zombie/new_zombie_vox/ambient/ambient_14.wav
loaded_sound,sfx/levels/zombie/new_zombie_vox/ambient/ambient_15.wav
loaded_sound,sfx/levels/zombie/new_zombie_vox/ambient/ambient_16.wav
loaded_sound,sfx/levels/zombie/new_zombie_vox/ambient/ambient_17.wav
loaded_sound,sfx/levels/zombie/new_zombie_vox/ambient/ambient_18.wav
loaded_sound,sfx/levels/zombie/new_zombie_vox/ambient/ambient_19.wav
loaded_sound,sfx/levels/zombie/new_zombie_vox/ambient/ambient_20.wav
loaded_sound,sfx/levels/zombie/new_zombie_vox/attack/attack_00.wav
loaded_sound,sfx/levels/zombie/new_zombie_vox/attack/attack_01.wav
loaded_sound,sfx/levels/zombie/new_zombie_vox/attack/attack_02.wav
loaded_sound,sfx/levels/zombie/new_zombie_vox/attack/attack_03.wav
loaded_sound,sfx/levels/zombie/new_zombie_vox/attack/attack_04.wav
loaded_sound,sfx/levels/zombie/new_zombie_vox/attack/attack_05.wav
loaded_sound,sfx/levels/zombie/new_zombie_vox/attack/attack_06.wav
loaded_sound,sfx/levels/zombie/new_zombie_vox/attack/attack_07.wav
loaded_sound,sfx/levels/zombie/new_zombie_vox/attack/attack_08.wav
loaded_sound,sfx/levels/zombie/new_zombie_vox/attack/attack_09.wav
loaded_sound,sfx/levels/zombie/new_zombie_vox/attack/attack_10.wav
loaded_sound,sfx/levels/zombie/new_zombie_vox/attack/attack_11.wav
loaded_sound,sfx/levels/zombie/new_zombie_vox/attack/attack_12.wav
loaded_sound,sfx/levels/zombie/new_zombie_vox/attack/attack_13.wav
loaded_sound,sfx/levels/zombie/new_zombie_vox/attack/attack_14.wav
loaded_sound,sfx/levels/zombie/new_zombie_vox/attack/attack_15.wav
loaded_sound,sfx/levels/zombie/new_zombie_vox/attack/attack_16.wav
loaded_sound,sfx/levels/zombie/new_zombie_vox/attack/attack_17.wav
loaded_sound,sfx/levels/zombie/new_zombie_vox/attack/attack_18.wav
loaded_sound,sfx/levels/zombie/new_zombie_vox/attack/attack_19.wav
loaded_sound,sfx/levels/zombie/new_zombie_vox/attack/attack_20.wav
loaded_sound,sfx/levels/zombie/new_zombie_vox/attack/attack_21.wav
loaded_sound,sfx/levels/zombie/new_zombie_vox/attack/attack_22.wav
loaded_sound,sfx/levels/zombie/new_zombie_vox/behind/behind_00.wav
loaded_sound,sfx/levels/zombie/new_zombie_vox/behind/behind_01.wav
loaded_sound,sfx/levels/zombie/new_zombie_vox/behind/behind_02.wav
loaded_sound,sfx/levels/zombie/new_zombie_vox/behind/behind_03.wav
loaded_sound,sfx/levels/zombie/new_zombie_vox/behind/behind_04.wav
loaded_sound,sfx/levels/zombie/new_zombie_vox/crawl/crawl_00.wav
loaded_sound,sfx/levels/zombie/new_zombie_vox/crawl/crawl_01.wav
loaded_sound,sfx/levels/zombie/new_zombie_vox/crawl/crawl_02.wav
loaded_sound,sfx/levels/zombie/new_zombie_vox/crawl/crawl_03.wav
loaded_sound,sfx/levels/zombie/new_zombie_vox/crawl/crawl_04.wav
loaded_sound,sfx/levels/zombie/new_zombie_vox/crawl/crawl_05.wav
loaded_sound,sfx/levels/zombie/new_zombie_vox/death/death_00.wav
loaded_sound,sfx/levels/zombie/new_zombie_vox/death/death_01.wav
loaded_sound,sfx/levels/zombie/new_zombie_vox/death/death_02.wav
loaded_sound,sfx/levels/zombie/new_zombie_vox/death/death_03.wav
loaded_sound,sfx/levels/zombie/new_zombie_vox/death/death_04.wav
loaded_sound,sfx/levels/zombie/new_zombie_vox/death/death_05.wav
loaded_sound,sfx/levels/zombie/new_zombie_vox/death/death_06.wav
loaded_sound,sfx/levels/zombie/new_zombie_vox/death/death_07.wav
loaded_sound,sfx/levels/zombie/new_zombie_vox/death/death_08.wav
loaded_sound,sfx/levels/zombie/new_zombie_vox/death/death_09.wav
loaded_sound,sfx/levels/zombie/new_zombie_vox/death/death_10.wav
loaded_sound,sfx/levels/zombie/new_zombie_vox/elec/elec_00.wav
loaded_sound,sfx/levels/zombie/new_zombie_vox/elec/elec_01.wav
loaded_sound,sfx/levels/zombie/new_zombie_vox/elec/elec_02.wav
loaded_sound,sfx/levels/zombie/new_zombie_vox/elec/elec_03.wav
loaded_sound,sfx/levels/zombie/new_zombie_vox/elec/elec_04.wav
loaded_sound,sfx/levels/zombie/new_zombie_vox/elec/elec_05.wav
loaded_sound,sfx/levels/zombie/new_zombie_vox/flogger/flogger_00.wav
loaded_sound,sfx/levels/zombie/new_zombie_vox/flogger/flogger_01.wav
loaded_sound,sfx/levels/zombie/new_zombie_vox/flogger/flogger_02.wav
loaded_sound,sfx/levels/zombie/new_zombie_vox/n/sprint/sprint_00.wav
loaded_sound,sfx/levels/zombie/new_zombie_vox/n/sprint/sprint_01.wav
loaded_sound,sfx/levels/zombie/new_zombie_vox/n/sprint/sprint_02.wav
loaded_sound,sfx/levels/zombie/new_zombie_vox/n/sprint/sprint_03.wav
loaded_sound,sfx/levels/zombie/new_zombie_vox/n/sprint/sprint_04.wav
loaded_sound,sfx/levels/zombie/new_zombie_vox/n/sprint/sprint_05.wav
loaded_sound,sfx/levels/zombie/new_zombie_vox/n/sprint/sprint_06.wav
loaded_sound,sfx/levels/zombie/new_zombie_vox/n/sprint/sprint_07.wav
loaded_sound,sfx/levels/zombie/new_zombie_vox/n/sprint/sprint_08.wav
loaded_sound,sfx/levels/zombie/steps/steps_00.wav
loaded_sound,sfx/levels/zombie/steps/steps_01.wav
loaded_sound,sfx/levels/zombie/steps/steps_02.wav
loaded_sound,sfx/levels/zombie/steps/steps_03.wav
loaded_sound,sfx/levels/zombie/whoosh/whoosh_00.wav
loaded_sound,sfx/levels/zombie/whoosh/whoosh_01.wav
loaded_sound,sfx/levels/zombie/whoosh/whoosh_02.wav
loaded_sound,sfx/levels/zombie/zombie_crawl/crawl/crawl_00.wav
loaded_sound,sfx/levels/zombie/zombie_crawl/crawl/crawl_01.wav
loaded_sound,sfx/levels/zombie/zombie_crawl/crawl/crawl_02.wav
loaded_sound,sfx/levels/zombie/zombie_crawl/crawl/crawl_03.wav
loaded_sound,sfx/levels/zombie/zombie_fall/zombie_fall_00.wav
loaded_sound,sfx/levels/zombie/zombie_fall/zombie_fall_01.wav
loaded_sound,sfx/levels/zombie/zombie_fall/zombie_fall_02.wav
loaded_sound,weapons/ak47/weap_ak47_slst_3.wav
loaded_sound,weapons/ak47/weap_ak47_slyu_3y2.wav
loaded_sound,weapons/ak74/weap_ak74_slmn_2b.wav
loaded_sound,weapons/ak74/weap_ak74_slst_1.wav
loaded_sound,weapons/dragunov/weap_dragunov_slmn_1.wav
loaded_sound,weapons/dragunov/weap_dragunov_slst_1.wav
loaded_sound,weapons/dragunov/wpfoly_dragunov_reload_chamber_v1.wav
loaded_sound,weapons/dragunov/wpfoly_dragunov_reload_clipin_v1.wav
loaded_sound,weapons/dragunov/wpfoly_dragunov_reload_clipout_v2.wav
loaded_sound,weapons/dragunov/wpfoly_dragunov_reload_lift_v1.wav
fx,bio/player/fx_footstep_dust
fx,env/dirt/fx_dust_impact_plume_small
fx,weapon/muzzleflashes/fx_muz_ppsh_view
fx,weapon/muzzleflashes/fx_muz_ppsh_world
fx,weapon/muzzleflashes/standardflashview
fx,weapon/muzzleflashes/standardflashworld
fx,weapon/shellejects/fx_ppsh
fx,weapon/shellejects/fx_ppsh_resting
fx,weapon/shellejects/fx_ppsh_view
fx,weapon/shellejects/fx_ppsh_view_blurred01
fx,weapon/shellejects/pistol
fx,weapon/shellejects/pistol_resting
fx,weapon/shellejects/pistol_view
fx,weapon/shellejects/pistol_view_blurred01
fx,weapon/muzzleflashes/fx_stg44
fx,weapon/muzzleflashes/fx_stg44_view
fx,weapon/shellejects/rifle
fx,weapon/shellejects/rifle_resting
fx,weapon/shellejects/rifle_view
fx,weapon/shellejects/rifle_view_blurred01
fx,weapon/muzzleflashes/fx_fg42
fx,weapon/muzzleflashes/fx_fg42_view
fx,weapon/muzzleflashes/fx_gewehr43
fx,weapon/muzzleflashes/fx_gewehr43_view
fx,weapon/muzzleflashes/fx_kar98k
fx,weapon/muzzleflashes/fx_kar98k_view
fx,weapon/muzzleflashes/fx_m1carbine
fx,weapon/muzzleflashes/fx_m1carbine_view
fx,weapon/muzzleflashes/fx_m1garand
fx,weapon/muzzleflashes/fx_m1garand_view
fx,weapon/muzzleflashes/fx_type99_lmg
fx,weapon/muzzleflashes/fx_type99_lmg_view
fx,weapon/muzzleflashes/mg42hv
fx,weapon/muzzleflashes/mg42hv_view
fx,weapon/muzzleflashes/rifle_flash_view
fx,weapon/muzzleflashes/rifleflash
fx,weapon/muzzleflashes/shotgunflash
fx,weapon/shellejects/fx_smk_weapon_shell_eject
fx,weapon/shellejects/fx_smk_weapon_shell_emit
fx,weapon/shellejects/shotgun
fx,weapon/shellejects/shotgun_resting
fx,weapon/shellejects/shotgun_view
fx,weapon/shellejects/shotgun_view_blurred01
fx,weapon/muzzleflashes/fx_30cal_bulletweap
fx,weapon/muzzleflashes/fx_30cal_bulletweap_view
fx,weapon/muzzleflashes/fx_bar
fx,weapon/muzzleflashes/fx_bar_view
fx,weapon/shellejects/fx_heavy
fx,weapon/shellejects/fx_heavy_link_resting
fx,weapon/shellejects/fx_heavy_link_view
fx,weapon/shellejects/fx_heavy_link_view_blurred01
fx,weapon/shellejects/fx_heavy_view
fx,weapon/muzzleflashes/pistolflash
fx,weapon/muzzleflashes/pistolflash_view
fx,dudimpact_m203
fx,weapon/grenade/fx_trail_rifle_grenade
fx,weapon/muzzleflashes/fx_muz_grenade_launch